<?xml version="1.0" encoding="UTF-8"?>
<root>
   <item>
      <codigo>20210386G</codigo>
      <especialidad>Ciencias de la computación</especialidad>
      <nombres-apellidos>AGUADO-GUTIERREZ-CLEBER LEE</nombres-apellidos>
   </item>
   <item>
      <codigo>20150522G</codigo>
      <especialidad>Ciencias de la computación</especialidad>
      <nombres-apellidos>BLAS-SALAS-ISRAEL DANILO</nombres-apellidos>
   </item>
   <item>
      <codigo>20192148F</codigo>
      <especialidad>Ciencias de la computación</especialidad>
      <nombres-apellidos>FATAMA-RUIZ-MANUEL ADEMAR</nombres-apellidos>
   </item>
   <item>
      <codigo>20160559K</codigo>
      <especialidad>Ciencias de la computación</especialidad>
      <nombres-apellidos>JIMENEZ-CHACON-JOEL WILSON</nombres-apellidos>
   </item>
   <item>
      <codigo>20190611K</codigo>
      <especialidad>Ciencias de la computación</especialidad>
      <nombres-apellidos>RUIZ-ROSAS-PIERRE ADAN CAMILO</nombres-apellidos>
   </item>
   <item>
      <codigo>20170544F</codigo>
      <especialidad>Ciencias de la computación</especialidad>
      <nombres-apellidos>SULCA-DIAZ-LEONARDO AUGUSTO</nombres-apellidos>
   </item>
   <item>
      <codigo>20182177C</codigo>
      <especialidad>Ciencias de la computación</especialidad>
      <nombres-apellidos>UNDA-MIGUEL-CARLOS SINAI</nombres-apellidos>
   </item>
</root>
